abandon;porzucić
ability;możliwość
able;zdolny
abortion;aborcja
about;o
above;powyżej
abroad;za granicą
absence;brak
absolute;bezwzględnie
absolutely;bezwzględnie
absorb;wchłonąć
abuse;nadużycie
academic;akademicki
accept;akceptować
access;dostęp
accident;wypadek
accompany;towarzyszyć
accomplish;dokonać
according;zgodnie z
account;konto
accurate;dokładny
accuse;oskarżać
achieve;osiągnięcie
achievement;osiągnięcie
acid;kwas
acknowledge;potwierdzić
acquire;nabyć
across;przez
act;działać
action;działanie
active;aktywny
activist;działacz
activity;działalność
actor;aktor
actress;aktorka
actual;rzeczywisty
actually;faktycznie
ad;reklama
adapt;adaptacja
add;dodać
addition;dodatek
additional;dodatkowy
address;adres
adequate;odpowiedni
adjust;dostosowywać
adjustment;dostosowanie
administration;administracja
administrator;administrator
admire;podziwiać
admission;wstęp
admit;przyznać się
adolescent;młodzieńcy
adopt;przyjąć
adult;dorosły
advance;awansować
advanced;zaawansowany
advantage;korzyść
adventure;przygoda
advertising;reklama
advice;rada
advise;rada
adviser;doradca
advocate;adwokat
affair;romans
affect;wpływ
afford;dawać
afraid;boi się
African;Afrykański
African-American;Afroamerykanin
after;po
afternoon;po południu
again;ponownie
against;przeciwko
age;wiek
agency;agencja
agenda;agenda
agent;agent
aggressive;agresywny
ago;temu
agree;zgadzać się
agreement;porozumienie
agricultural;rolniczy
ah;ah
ahead;przed
aid;pomoc
aide;aide
AIDS;AIDS
aim;aim
air;powietrze
aircraft;samolot
airline;linia lotnicza
airport;lotnisko
album;album
alcohol;alkohol
alive;żyjący
all;wszystkie
alliance;sojusz
allow;pozwolić
ally;sojusz
almost;prawie
alone;sam
along;wzdłuż
already;już
also;również
alter;zmienić
alternative;alternatywa
although;chociaż
always;zawsze
AM;AM
amazing;niesamowite
American;amerykański
among;wśród
amount;kwota
analysis;analiza
analyst;analityk
analyze;analizować
ancient;starożytny
and;i
anger;gniew
angle;kąt
angry;zły
animal;zwierzę
anniversary;rocznica
announce;ogłoszenie
annual;rocznica
another;kolejny
answer;odpowiedź
anticipate;antycypować
anxiety;lęk
any;każdy
anybody;ktokolwiek
anymore;więcej
anyone;każdy
anything;cokolwiek
anyway;w każdym razie
anywhere;gdziekolwiek
apart;oprócz
apartment;mieszkanie
apparent;pozornie
apparently;najwyraźniej
appeal;odwołanie
appear;pojawić się
appearance;wygląd
apple;jabłko
application;aplikacja
apply;stosować
appoint;mianować
appointment;powołanie
appreciate;doceniać
approach;zbliżać się
appropriate;odpowiedni
approval;zatwierdzenie
approve;zatwierdzić
approximately;w przybliżeniu
Arab;arabski
architect;architekt
area;obszar
argue;argumentować
argument;argument
arise;powstać
arm;ramię
armed;uzbrojony
army;armia
around;wokół
arrange;zorganizować
arrangement;aranżacja
arrest;aresztowanie
arrival;przyjazd
arrive;przyjechać
art;sztuka
article;artykuł
artist;artysta
artistic;artystyczny
as;jako
Asian;azjatycki
aside;na bok
ask;zapytaj
asleep;śpiący
aspect;aspekt
assault;atakować
assert;twierdzić
assess;ocenić
assessment;ocena
asset;składnik majątku
assign;przypisać
assignment;przypisanie
assist;pomoc
assistance;pomoc
assistant;asystent
associate;współpracownik
association;stowarzyszenie
assume;założyć
assumption;założenie
assure;zapewnienie
at;na
athlete;sportowiec
athletic;sportowy
atmosphere;atmosfera
attach;dołączyć
attack;atak
attempt;próba
attend;uczęszczać do
attention;uwaga
attitude;postawa
attorney;adwokat
attract;przyciągać
attractive;atrakcyjny
attribute;atrybut
audience;publiczność
author;autor
authority;autorytet
auto;auto
available;dostępny
average;średnia
avoid;uniknąć
award;nagroda
aware;świadomy
awareness;świadomość
away;away
awful;okropne
baby;dziecko
back;z powrotem
background;tło
bad;zły
badly;źle
bag;torba
bake;piec
balance;równowaga
ball;piłka
ban;ban
band;pasmo
bank;bank
bar;bar
barely;ledwie
barrel;beczka
barrier;bariera
base;baza
baseball;baseball
basic;podstawowy
basically;zasadniczo
basis;podstawa
basket;kosz
basketball;koszykówka
bathroom;łazienka
battery;bateria
battle;bitwa
be;być
beach;plaża
bean;fasola
bear;niedźwiedź
beat;bić
beautiful;piękna
beauty;piękno
because;ponieważ
become;stać się
bed;łóżko
bedroom;sypialnia
beer;piwo
before;przed
begin;początek
beginning;początek
behavior;zachowanie
behind;za
being;bycie
belief;wiara
believe;wierzyć
bell;dzwonek
belong;należeć
below;poniżej
belt;pas
bench;ławka
bend;zgięcie
beneath;pod
benefit;korzyść
beside;obok
besides;oprócz
best;najlepszy
bet;zakład
better;lepiej
between;pomiędzy
beyond;poza
Bible;Biblia
big;duży
bike;rower
bill;bill
billion;miliard
bind;wiązanie
biological;biologiczny
bird;ptak
birth;narodziny
birthday;urodziny
bit;bit
bite;ugryzienie
black;czarny
blade;ostrze
blame;blame
blanket;koc
blind;ślepy
block;blok
blood;krew
blow;cios
blue;niebieski
board;deska
boat;łódź
body;ciało
bomb;bomba
bombing;bombardowanie
bond;obligacja
bone;kość
book;książka
boom;boom
boot;but
border;granica
born;urodzony
borrow;pożyczka
boss;szef
both;obaj
bother;przeszkadzać
bottle;butelka
bottom;dół
boundary;granica
bowl;miska
box;pudełko
boy;chłopak
boyfriend;chłopak
brain;mózg
branch;oddział
brand;marka
bread;chleb
break;przerwa
breakfast;śniadanie
breast;pierś
breath;oddech
breathe;oddychać
brick;cegła
bridge;most
brief;krótko
briefly;krótko
bright;jasny
brilliant;genialny
bring;wnosić
British;brytyjski
broad;szeroki
broken;złamany
brother;brat
brown;brązowy
brush;szczotka
buck;kozioł
budget;budżet
build;budować
building;budowa
bullet;kula
bunch;garść
burden;obciążenie
burn;spalić
bury;zakopać
bus;autobus
business;biznes
busy;zajęty
but;ale
butter;masło
button;przycisk
buy;kupić
buyer;kupujący
by;przez
cabin;kabina
cabinet;szafka
cable;kabel
cake;ciasto
calculate;obliczyć
call;połączenie
camera;kamera
camp;obóz
campaign;kampania
campus;kampania
can;can
Canadian;kanadyjski
cancer;rak
candidate;kandydat
cap;czapka
capability;możliwość
capable;zdolny
capacity;zdolność
capital;kapitał
captain;kapitan
capture;przechwycenie
car;samochód
carbon;węgiel
card;karta
care;opieka
career;kariera
careful;ostrożnie
carefully;starannie
carrier;nośnik
carry;nosić
case;przypadek
cash;gotówka
cast;odlew
cat;kot
catch;złapać
category;kategoria
Catholic;katolik
cause;przyczyna
ceiling;sufit
celebrate;świętować
celebration;obchody
celebrity;celebrytka
cell;komórka
center;centrum
central;centrala
century;century
CEO;CEO
ceremony;uroczystość
certain;pewny
certainly;z pewnością
chain;łańcuch
chair;przewodniczący
chairman;przewodniczący
challenge;wyzwanie
chamber;izba
champion;mistrz
championship;mistrzostwa
chance;szansa
change;zmiana
changing;zmiana
channel;kanał
chapter;rozdział
character;charakter
characteristic;charakterystyczny
characterize;scharakteryzować
charge;opłata
charity;organizacja charytatywna
chart;wykres
chase;pościg
cheap;tanio
check;sprawdzić
cheek;policzek
cheese;ser
chef;szef kuchni
chemical;chemia
chest;klatka piersiowa
chicken;kurczak
chief;szef
child;dziecko
childhood;dzieciństwo
Chinese;chiński
chip;chip
chocolate;czekolada
choice;wybór
cholesterol;cholesterol
choose;wybierz
Christian;chrześcijański
Christmas;Boże Narodzenie
church;kościół
cigarette;papieros
circle;krąg
circumstance;okoliczność
cite;zacytować
citizen;obywatel
city;miasto
civil;cywil
civilian;cywil
claim;pozew
class;klasa
classic;klasyczny
classroom;klasa
clean;czysty
clear;czysto
clearly;wyraźnie
client;klient
climate;klimat
climb;wspinaczka
clinic;klinika
clinical;kliniczny
clock;zegar
close;blisko
closely;blisko
closer;bliżej
clothes;ubrania
clothing;ubrania
cloud;chmura
club;klub
clue;wskazówka
cluster;klaster
coach;trener
coal;węgiel
coalition;koalicja
coast;wybrzeże
coat;płaszcz
code;kod
coffee;kawa
cognitive;poznań
cold;zimno
collapse;upadek
colleague;kolega
collect;zbierać
collection;zbiór
collective;kolektyw
college;kolegium
colonial;kolonialny
color;kolor
column;kolumna
combination;kombinacja
combine;połączyć
come;przyjść
comedy;komedia
comfort;komfort
comfortable;wygodny
command;komenda
commander;dowódca
comment;komentarz
commercial;handlowy
commission;zlecenie
commit;zobowiązanie
commitment;zobowiązanie
committee;komisja
common;wspólny
communicate;komunikacja
communication;komunikacja
community;wspólnota
company;przedsiębiorstwo
compare;porównaj
comparison;porównanie
compete;konkurencja
competition;konkurencja
competitive;konkurencyjny
competitor;konkurent
complain;skarga
complaint;skarga
complete;kompletny
completely;całkowicie
complex;skomplikowany
complicated;skomplikowany
component;składnik
compose;skomponować
composition;skład
comprehensive;kompleksowy
computer;komputer
concentrate;skoncentrować się
concentration;koncentracja
concept;pojęcie
concern;obawy
concerned;zainteresowany
concert;koncert
conclude;podsumowanie
conclusion;konkluzja
concrete;konkretny
condition;stan
conduct;prowadzenie
conference;konferencja
confidence;zaufanie
confident;pewny siebie
confirm;potwierdzić
conflict;konflikt
confront;konfrontacja
confusion;zamieszanie
Congress;Kongres
congressional;kongresowy
connect;połączyć
connection;połączenie
consciousness;świadomość
consensus;konsensus
consequence;konsekwencja
conservative;konserwatywny
consider;uważać
considerable;znaczący
consideration;rozważanie
consist;składać się
consistent;konsekwentny
constant;stały
constantly;stale
constitute;stanowić
constitutional;konstytucyjny
construct;zbudować
construction;budowa
consultant;konsultant
consume;konsumować
consumer;konsument
consumption;konsumpcja
contact;kontakt
contain;zawierać
container;pojemnik
contemporary;współczesny
content;treść
contest;konkurs
context;kontekst
continue;kontynuować
continued;ciąg dalszy
contract;umowa
contrast;kontrast
contribute;przyczynić się
contribution;wkład
control;kontrola
controversial;kontrowersyjny
controversy;kontrowersja
convention;konwencja
conventional;konwencjonalny
conversation;rozmowa
convert;nawrócenie
conviction;przekonanie
convince;przekonywanie
cook;gotować
cookie;ciasteczko
cooking;gotowanie
cool;chłód
cooperation;współpraca
cop;policjant
cope;radzić sobie
copy;kopia
core;rdzeń
corn;kukurydza
corner;róg
corporate;korporacyjny
corporation;spółka
correct;poprawny
correspondent;korespondent
cost;koszt
cotton;bawełna
couch;kanapa
could;może
council;rada
counselor;doradca
count;liczyć
counter;licznik
country;kraj
county;hrabstwo
couple;para
courage;odwaga
course;kurs
court;sąd
cousin;kuzyn
cover;pokrycie
coverage;pokrycie
cow;krowa
crack;pęknięcie
craft;rzemiosło
crash;krach
crazy;szalony
cream;krem
create;utworzyć
creation;tworzenie
creative;kreatywny
creature;creature
credit;kredyt
crew;załoga
crime;przestępstwo
criminal;przestępca
crisis;kryzys
criteria;kryteria
critic;krytyk
critical;krytyczny
criticism;krytyka
criticize;krytykować
crop;uprawa
cross;krzyż
crowd;tłum
crucial;kluczowy
cry;wołanie
cultural;kulturalny
culture;kultura
cup;filiżanka
curious;ciekawy
current;aktualny
currently;obecnie
curriculum;program nauczania
custom;zamówienie
customer;klient
cut;cięcie
cycle;cykl
dad;tata
daily;codziennie
damage;szkoda
dance;taniec
danger;niebezpieczeństwo
dangerous;niebezpieczny
dare;odważysz się
dark;ciemność
darkness;ciemność
data;dane
date;data
daughter;córka
day;dzień
dead;martwy
deal;umowa
dealer;dealer
dear;drogi
death;śmierć
debate;debata
debt;dług
decade;dekada
decide;podjąć decyzję
decision;decyzja
deck;pokład
declare;deklaracja
decline;spadać
decrease;spadek
deep;głęboko
deeply;głęboko
deer;jeleń
defeat;pokonać
defend;bronić
defendant;pozwany
defense;obrona
defensive;obronny
deficit;deficyt
define;określić
definitely;zdecydowanie
definition;definicja
degree;stopień
delay;opóźnienie
deliver;dostarczyć
delivery;dostawa
demand;żądanie
democracy;demokracja
Democrat;Demokrata
democratic;demokratyczny
demonstrate;wykazać
demonstration;demonstracja
deny;zaprzeczyć
department;dział
depend;zależny
dependent;zależny
depending;zależny
depict;zobrazować
depression;depresja
depth;głębokość
deputy;zastępca
derive;wywodzić się
describe;opisywać
description;opis
desert;pustynia
deserve;zasługiwać
design;zaprojektować
designer;projektant
desire;pragnienie
desk;biurko
desperate;zdesperowany
despite;mimo
destroy;zniszczyć
destruction;zniszczenie
detail;szczegółowy
detailed;szczegółowy
detect;wykryć
determine;określić
develop;rozwinąć
developing;rozwijający się
development;rozwój
device;urządzenie
devote;poświęcić
dialogue;dialog
die;umierać
diet;dieta
differ;różnić się
difference;różnica
different;inaczej
differently;inaczej
difficult;trudne
difficulty;trudność
dig;dig
digital;cyfrowy
dimension;wymiar
dining;jadalnia
dinner;obiad
direct;bezpośredni
direction;kierunek
directly;bezpośrednio
director;dyrektor
dirt;brud
dirty;brudny
disability;niepełnosprawność
disagree;nie zgadzać się
disappear;zniknąć
disaster;katastrofa
discipline;dyscyplina
discourse;dyskurs
discover;odkryć
discovery;odkrycie
discrimination;dyskryminacja
discuss;dyskutować
discussion;dyskusja
disease;choroba
dish;danie
dismiss;zwolnienie
disorder;zaburzenie
display;wyświetlanie
dispute;spór
distance;odległość
distant;daleki
distinct;wyraźny
distinction;rozróżnienie
distinguish;wyróżnić
distribute;rozpowszechniać
distribution;dystrybucja
district;dzielnica
diverse;różnorodny
diversity;różnorodność
divide;podział
division;podział
divorce;rozwód
DNA;DNA
do;zrobić
doctor;lekarz
document;dokument
dog;pies
domestic;domowy
dominant;dominujący
dominate;dominować
door;drzwi
double;podwójny
doubt;wątpliwość
down;w dół
downtown;śródmieście
dozen;tuzin
draft;projekt
drag;drag
drama;dramat
dramatic;dramatycznie
dramatically;dramatycznie
draw;rysować
drawing;rysować
dream;marzenie
dress;ubierać się
drink;pić
drive;jechać
driver;kierowca
drop;spadać
drug;narkotyk
dry;suchy
due;należny
during;podczas
dust;pył
duty;obowiązek
each;każdy
eager;chętny
ear;ucho
early;wczesny
earn;zarabiać
earnings;zarobki
earth;ziemia
ease;ułatwić
easily;łatwo
east;wschód
eastern;wschodni
easy;łatwo
eat;jeść
economic;ekonomiczny
economics;ekonomia
economist;ekonomista
economy;ekonomia
edge;krawędź
edition;wydanie
editor;redaktor
educate;edukować
education;edukacja
educational;edukacyjny
educator;edukator
effect;efekt
effective;skuteczny
effectively;skutecznie
efficiency;skuteczność
efficient;skuteczny
effort;wysiłek
egg;jajko
eight;osiem
either;albo
elderly;starszy
elect;wybrać
election;wybory
electric;elektryczny
electricity;elektryczność
electronic;elektroniczny
element;element
elementary;elementarny
eliminate;wyeliminować
elite;elita
else;else
elsewhere;gdzie indziej
e-mail;e-mail
embrace;przyjąć
emerge;pojawić się
emergency;nagły przypadek
emission;
emotion;emocja
emotional;emocjonalne
emphasis;podkreślenie
emphasize;podkreślać
employ;zatrudniać
employee;pracownik
employer;pracodawca
employment;zatrudnienie
empty;pusty
enable;umożliwić
encounter;napotkać
encourage;zachęta
end;koniec
enemy;wróg
energy;energia
enforcement;egzekwowanie
engage;angażować się
engine;silnik
engineer;inżynier
engineering;inżynieria
English;angielski
enhance;zwiększać
enjoy;cieszyć się
enormous;ogromny
enough;enough
ensure;zapewnić
enter;wejść na stronę
enterprise;przedsiębiorstwo
entertainment;rozrywka
entire;cały
entirely;w całości
entrance;wejście
entry;wejście
environment;środowisko
environmental;środowiskowe
episode;odcinek
equal;równe
equally;równie
equipment;sprzęt
era;era
error;błąd
escape;ucieczka
especially;zwłaszcza
essay;esej
essential;zasadniczo
essentially;zasadniczo
establish;ustalić
establishment;ustanowienie
estate;osiedle
estimate;oszacować
etc;itp.
ethics;etyka
ethnic;etniczne
European;europejski
evaluate;ocenić
evaluation;ocena
even;nawet
evening;wieczór
event;wydarzenie
eventually;ostatecznie
ever;kiedykolwiek
every;każdy
everybody;wszyscy
everyday;codziennie
everyone;wszyscy
everything;wszystko
everywhere;wszędzie
evidence;dowód
evolution;ewolucja
evolve;ewoluować
exact;dokładnie
exactly;dokładnie
examination;badanie
examine;zbadać
example;przykład
exceed;przekroczyć
excellent;doskonały
except;oprócz
exception;wyjątek
exchange;wymiana
exciting;ekscytujące
executive;wykonawczy
exercise;ćwiczenie
exhibit;wystawiać
exhibition;wystawa
exist;istnieć
existence;istnienie
existing;istniejący
expand;rozszerzać
expansion;ekspansja
expect;oczekiwać
expectation;oczekiwanie
expense;koszt
expensive;drogi
experience;doświadczenie
experiment;eksperyment
expert;ekspert
explain;wyjaśnienie
explanation;wyjaśnienie
explode;eksplodować
explore;zbadać
explosion;wybuch
expose;eksponować
exposure;ekspozycja
express;wyrazić
expression;wyrażenie
extend;rozszerzać
extension;rozszerzenie
extensive;obszerny
extent;zakres
external;zewnętrzny
extra;ekstra
extraordinary;nadzwyczajny
extreme;ekstremalny
extremely;niezwykle
eye;oko
fabric;tkanina
face;twarz
facility;obiekt
fact;fakt
factor;czynnik
factory;fabryka
faculty;wydział
fade;zaniknąć
fail;niepowodzenie
failure;niepowodzenie
fair;sprawiedliwie
fairly;sprawiedliwie
faith;wiara
fall;upadek
false;fałszywy
familiar;znajomy
family;rodzina
famous;sławna
fan;fan
fantasy;fantasy
far;daleko
farm;farma
farmer;rolnik
fashion;moda
fast;szybko
fat;gruby
fate;los
father;ojciec
fault;wina
favor;przychylność
favorite;ulubiony
fear;strach
feature;funkcja
federal;federalny
fee;opłata
feed;podaj
feel;czuć
feeling;uczucie
fellow;współpracownik
female;kobieta
fence;ogrodzenie
few;kilka
fewer;mniej
fiber;włókno
fiction;fikcja
field;pole
fifteen;piętnaście
fifth;piąty
fifty;pięćdziesiąt
fight;walka
fighter;bojownik
fighting;walka
figure;rysunek
file;plik
fill;wypełnić
film;film
final;końcowy
finally;ostatecznie
finance;finanse
financial;finansowy
find;znalezienie
finding;znalezienie
fine;dobrze
finger;palec
finish;wykończenie
fire;ogień
firm;mocny
first;pierwszy
fish;ryba
fishing;łowienie
fit;fit
fitness;fitness
five;pięć
fix;naprawić
flag;flaga
flame;płomień
flat;płaski
flavor;smak
flee;uciekać
flesh;ciało
flight;flight
float;float
floor;floor
flow;flow
flower;kwiat
fly;latać
focus;focus
folk;folk
follow;follow
following;śledzenie
food;food
foot;stopa
football;piłka nożna
for;dla
force;siła
foreign;zagraniczny
forest;las
forever;na zawsze
forget;zapomnieć
form;forma
formal;formalny
formation;formacja
former;były
formula;formuła
forth;dalej
fortune;fortuna
forward;do przodu
found;znaleziony
foundation;fundacja
founder;założyciel
four;cztery
fourth;czwarty
frame;rama
framework;rama
free;wolny
freedom;wolność
freeze;zamrożenie
French;Francuski
frequency;częstotliwość
frequent;częsty
frequently;często
fresh;świeży
friend;przyjaciel
friendly;przyjazny
friendship;przyjaźń
from;z
front;przedni
fruit;owoc
frustration;frustracja
fuel;paliwo
full;pełny
fully;w pełni
fun;zabawa
function;funkcja
fund;fund
fundamental;podstawowy
funding;finansowanie
funeral;pogrzeb
funny;śmieszne
furniture;meble
furthermore;ponadto
future;przyszłość
gain;zysk
galaxy;galaktyka
gallery;galeria
game;gra
gang;gang
gap;luka
garage;garaż
garden;ogród
garlic;czosnek
gas;gaz
gate;brama
gather;zebrać
gay;gej
gaze;spojrzenie
gear;sprzęt
gender;gender
gene;gen
general;ogólnie
generally;ogólnie
generate;generować
generation;pokolenie
genetic;genetyczny
gentleman;pan
gently;delikatnie
German;niemiecki
gesture;gest
get;uzyskać
ghost;duch
giant;gigant
gift;prezent
gifted;utalentowana
girl;dziewczyna
girlfriend;dziewczyna
give;podać
given;podany
glad;zadowolony
glance;rzut oka
glass;szkło
global;globalny
glove;rękawica
go;przejdź
goal;cel
God;Bóg
gold;złoto
golden;złoty
golf;golf
good;dobry
government;rząd
governor;gubernator
grab;złapać
grade;stopień
gradually;stopniowo
graduate;ukończyć szkołę
grain;ziarno
grand;grand
grandfather;dziadek
grandmother;babcia
grant;dotacja
grass;trawa
grave;grób
gray;szary
great;wielki
greatest;największy
green;zielony
grocery;sklep spożywczy
ground;grunt
group;grupa
grow;rosnąć
growing;rosnąca
growth;wzrost
guarantee;gwarancja
guard;strażnik
guess;zgadnij
guest;gość
guide;przewodnik
guideline;wytyczna
guilty;winny
gun;pistolet
guy;facet
habit;nawyk
habitat;siedlisko
hair;włosy
half;połowa
hall;hala
hand;ręka
handful;garść
handle;uchwyt
hang;wisieć
happen;zdarzyć się
happy;szczęśliwy
hard;ciężko
hardly;ledwo
hat;kapelusz
hate;nienawidzić
have;mieć
he;on
head;głowa
headline;nagłówek
headquarters;siedziba
health;zdrowie
healthy;zdrowy
hear;słyszeć
hearing;słuch
heart;serce
heat;ciepło
heaven;niebo
heavily;silnie
heavy;mocno
heel;obcas
height;wysokość
helicopter;helikopter
hell;piekło
hello;witaj
help;help
helpful;pomocna
her;jej
here;tutaj
heritage;dziedzictwo
hero;bohater
herself;sama
hey;Hej
hi;hi
hide;hide
high;wysoko
highlight;highlight
highly;wysoko
highway;autostrada
hill;góra
him;on
himself;sam
hip;hip
hire;wynajem
his;jego
historian;historyk
historic;historyczny
historical;historyczny
history;historia
hit;uderzenie
hold;trzymać
hole;otwór
holiday;wakacje
holy;święty
home;dom
homeless;bezdomny
honest;uczciwy
honey;miód
honor;honor
hope;nadzieja
horizon;horyzont
horror;horror
horse;koń
hospital;szpital
host;gospodarz
hot;hot
hotel;hotel
hour;godzina
house;dom
household;gospodarstwo domowe
housing;mieszkaniowy
how;jak
however;jednak
huge;ogromny
human;człowiek
humor;humor
hundred;sto
hungry;głodny
hunter;myśliwy
hunting;polowanie
hurt;ranny
husband;mąż
hypothesis;hipoteza
I;I
ice;lód
idea;pomysł
ideal;ideał
identification;identyfikacja
identify;identyfikacja
identity;tożsamość
ie;czyli
if;jeśli
ignore;ignorować
ill;chory
illegal;nielegalny
illness;choroba
illustrate;zobrazować
image;obraz
imagination;wyobraźnia
imagine;wyobraź sobie
immediate;natychmiast
immediately;natychmiast
immigrant;imigrant
immigration;imigracja
impact;wpływ
implement;wdrożenie
implication;implikacja
imply;sugerować
importance;znaczenie
important;ważne
impose;narzucić
impossible;niemożliwe
impress;imponować
impression;wrażenie
impressive;imponujący
improve;poprawić
improvement;poprawa
in;w
incentive;zachęta
incident;zdarzenie
include;zawierać
including;w tym
income;dochód
incorporate;włączenie
increase;zwiększenie
increased;zwiększony
increasing;zwiększający się
increasingly;coraz bardziej
incredible;niewiarygodne
indeed;rzeczywiście
independence;niezależność
independent;niezależny
index;indeks
Indian;Indie
indicate;wskazać
indication;wskazanie
individual;indywidualny
industrial;przemysłowy
industry;przemysł
infant;niemowlę
infection;infekcja
inflation;inflacja
influence;wpływ
inform;informować
information;informacja
ingredient;składnik
initial;początkowo
initially;początkowo
initiative;inicjatywa
injury;szkoda
inner;wewnętrzny
innocent;niewinny
inquiry;zapytanie
inside;wewnątrz
insight;wgląd
insist;nalegać
inspire;zainspirować
install;zainstalować
instance;instancja
instead;zamiast
institution;instytucja
institutional;instytucjonalny
instruction;instrukcja
instructor;instruktor
instrument;instrument
insurance;ubezpieczenie
intellectual;intelektualista
intelligence;inteligencja
intend;zamierzać
intense;intensywny
intensity;intensywność
intention;zamiar
interaction;interakcja
interest;zainteresowanie
interested;zainteresowany
interesting;interesujący
internal;wewnętrzne
international;międzynarodowy
Internet;Internet
interpret;interpretacja
interpretation;interpretacja
intervention;interwencja
interview;wywiad
into;do
introduce;wprowadzenie
introduction;wprowadzenie
invasion;inwazja
invest;zainwestować
investigate;zbadać
investigation;dochodzenie
investigator;śledczy
investment;inwestycja
investor;inwestor
invite;zaprosić
involve;zaangażować
involved;zaangażowany
involvement;zaangażowanie
Iraqi;Irak
Irish;irlandzki
iron;żelazo
Islamic;islamski
island;wyspa
Israeli;izraelski
issue;kwestia
it;to
Italian;włoski
item;przedmiot
its;jego
itself;sam
jacket;kurtka
jail;więzienie
Japanese;japoński
jet;jet
Jew;Żyd
Jewish;Żyd
job;praca
join;dołączyć
joint;wspólny
joke;żart
journal;dziennik
journalist;dziennikarz
journey;podróż
joy;radość
judge;sędzia
judgment;wyrok
juice;sok
jump;skok
junior;junior
jury;jury
just;tylko
justice;sprawiedliwość
justify;justify
keep;zachować
key;klucz
kick;kick
kid;dziecko
kill;zabić
killer;zabójca
killing;zabijanie
kind;kind
king;król
kiss;pocałunek
kitchen;kuchnia
knee;kolano
knife;nóż
knock;pukanie
know;wiedzieć
knowledge;wiedza
lab;laboratorium
label;etykieta
labor;praca
laboratory;laboratorium
lack;brak
lady;pani
lake;jezioro
land;ziemia
landscape;krajobraz
language;język
lap;okrążenie
large;duży
largely;w dużej mierze
last;ostatni
late;późno
later;później
Latin;łac.
latter;ostatni
laugh;śmiech
launch;start
law;prawo
lawn;trawnik
lawsuit;pozew
lawyer;prawnik
lay;układać
layer;warstwa
lead;prowadzić
leader;lider
leadership;przywództwo
leading;prowadzący
leaf;liść
league;liga
lean;lean
learn;nauka
learning;nauka
least;najmniej
leather;skóra
leave;zostawić
left;lewa
leg;noga
legacy;dziedzictwo
legal;legalny
legend;legenda
legislation;prawodawstwo
legitimate;legalne
lemon;cytryna
length;długość
less;mniej
lesson;lekcja
let;niech
letter;litera
level;poziom
liberal;liberalny
library;biblioteka
license;licencja
lie;kłamstwo
life;życie
lifestyle;styl życia
lifetime;życie
lift;lift
light;światło
like;jak
likely;prawdopodobnie
limit;ograniczenie
limitation;ograniczenie
limited;ograniczony
line;linia
link;link
lip;warga
list;lista
listen;posłuchaj
literally;dosłownie
literary;literacki
literature;literatura
little;mała
live;żyć
living;żyjący
load;obciążenie
loan;pożyczka
local;lokalny
locate;zlokalizować
location;lokalizacja
lock;blokada
long;długo
long-term;długoterminowy
look;zajrzeć
loose;luźne
lose;stracić
loss;strata
lost;stracony
lot;partia
lots;partie
loud;głośny
love;miłość
lovely;urocza
lover;kochanek
low;niski
lower;niżej
luck;szczęście
lucky;szczęście
lunch;obiad
lung;płuco
machine;maszyna
mad;szalony
magazine;magazyn
mail;poczta
main;główny
mainly;mainl
maintain;głównie
maintenance;utrzymywać
major;utrzymanie
majority;główny
make;większość
maker;zrobić
makeup;producent
male;makijaż
mall;mężczyzna
man;centrum handlowe
manage;mężczyzna
management;zarządzać
manager;zarządzanie
manner;kierownik
manufacturer;sposób
manufacturing;producent
many;produkcja
map;wiele
margin;mapa
mark;margines
market;zaznaczyć
marketing;rynek
marriage;marketing
married;małżeństwo
marry;małżeństwo
mask;poślubić
mass;maska
massive;masa
master;masywny
match;mistrz
material;mecz
math;materiał
matter;matematyka
may;materia
maybe;może
mayor;może
me;burmistrz
meal;ja
mean;posiłek
meaning;oznacza
meanwhile;znaczenie
measure;tymczasem
measurement;mierzyć
meat;pomiar
mechanism;mięso
media;mechanizm
medical;media
medication;medyczny
medicine;lekarstwo
medium;lekarstwo
meet;medium
meeting;spotkanie
member;spotkanie
membership;członek
memory;członkostwo
mental;pamięć
mention;mentalny
menu;wzmianka
mere;menu
merely;jedynie
mess;tylko
message;bałagan
metal;wiadomość
meter;metal
method;metr
Mexican;metoda
middle;meksykańska
might;środek
military;siła
milk;wojsko
million;mleko
mind;milion
mine;umysł
minister;kopalnia
minor;minister
minority;mniejszy
minute;mniejszość
miracle;minuta
mirror;cud
miss;lustro
missile;panna
mission;pocisk
mistake;misja
mix;błąd
mixture;mieszanka
mm-hmm;mieszanka
mode;mm-hmm
model;tryb
moderate;model
modern;umiarkowany
modest;nowoczesny
mom;skromny
moment;mama
money;moment
monitor;pieniądze
month;monitorować
mood;miesiąc
moon;nastrój
moral;księżyc
more;moralny
moreover;więcej
morning;ponadto
mortgage;rano
most;hipoteka
mostly;najbardziej
mother;głównie
motion;matka
motivation;ruch
motor;motywacja
mount;silnik
mountain;góra
mouse;góra
mouth;mysz
move;usta
movement;ruch
movie;ruch
Mr;film
Mrs;Pan
Ms;Pani
much;Pani
multiple;dużo
murder;wielokrotne
muscle;morderstwo
museum;mięsień
music;muzeum
musical;muzyka
musician;muzyczny
Muslim;muzyk
must;muzułmanin
mutual;musi
my;wzajemnie
myself;mój
mystery;ja
myth;tajemnica
naked;mit
name;nagi
narrative;imię
narrow;narracja
nation;wąski
national;naród
native;narodowy
natural;rodzimy
naturally;naturalny
nature;naturalnie
near;natura
nearby;w pobliżu
nearly;w pobliżu
necessarily;prawie
necessary;koniecznie
neck;konieczne
need;szyja
negative;potrzeba
negotiate;negatywny
negotiation;negocjować
neighbor;negocjacje
neighborhood;sąsiad
neither;sąsiedztwo
nerve;ani
nervous;nerw
net;nerwowy
network;sieć
never;sieć
nevertheless;nigdy
new;mimo to
newly;nowy
news;nowo
newspaper;wiadomość
next;gazeta
nice;następny
night;miła
nine;noc
no;dziewięć
nobody;nie
nod;nikt
noise;nod
nomination;noise
none;nominacja
nonetheless;żaden
nor;niemniej jednak
normal;ani
normally;normalnie
north;normalnie
northern;północ
nose;północna
not;nos
note;nie
nothing;notatka
notice;nic
notion;zauważyć
novel;pojęcie
now;nowość
nowhere;teraz
n't;nigdzie
nuclear;nie
number;nuklearny
numerous;numer
nurse;liczne
nut;pielęgniarka
object;nakrętka
objective;przedmiot
obligation;cel
observation;obowiązek
observe;obserwacja
observer;obserwować
obtain;obserwator
obvious;uzyskać
obviously;oczywiste
occasion;oczywiście
occasionally;okazja
occupation;okazjonalnie
occupy;zajęcie
occur;zajęcie
ocean;wystąpić
odd;ocean
odds;dziwny
of;szanse
off;z
offense;poza
offensive;atak
offer;ofensywny
office;oferta
officer;biuro
official;urzędnik
often;urzędnik
oh;często
oil;oh
ok;olej
okay;ok
old;ok.
Olympic;stary
on;Olimpia
once;na
one;raz
ongoing;jeden
onion;trwający
online;cebula
only;online
onto;tylko
open;na
opening;otwarcie
operate;otwarcie
operating;działać
operation;działający
operator;operacja
opinion;operator
opponent;opinia
opportunity;przeciwnik
oppose;możliwość
opposite;sprzeciwiać się
opposition;przeciwny
option;opozycja
or;opcja
orange;lub
order;pomarańczowy
ordinary;zamówienie
organic;zwykły
organization;organiczny
organize;organizacja
orientation;zorganizować
origin;orientacja
original;pochodzenie
originally;oryginał
other;oryginalnie
others;inne
otherwise;inni
ought;inaczej
our;powinien
ourselves;nasz
out;sami
outcome;poza
outside;wynik
oven;poza
over;piekarnik
overall;nad
overcome;ogólnie
overlook;pokonać
owe;przeoczyć
own;zawdzięczać
owner;własny
pace;właściciel
pack;odmierzać tempo
package;zapakować
page;pakiet
pain;strona
painful;ból
paint;bolesny
painter;farba
painting;malarz
pair;malowanie
pale;para
Palestinian;blady
palm;Palestyńczyk
pan;palma
panel;pan
pant;panel
paper;figa
parent;papier
park;rodzic
parking;park
part;parking
participant;część
participate;uczestnik
participation;udział
particular;udział
particularly;szczególny
partly;szczególnie
partner;częściowo
partnership;partner
party;partnerstwo
pass;strona
passage;przejść
passenger;przejazd
passion;pasażer
past;pasja
patch;przeszłość
path;łata
patient;ścieżka
pattern;pacjent
pause;wzór
pay;pauza
payment;płacić
PC;płatność
peace;PC
peak;pokój
peer;szczyt
penalty;rówieśnik
people;kara
pepper;ludzie
per;pieprz
perceive;na
percentage;postrzegać
perception;procent
perfect;percepcja
perfectly;doskonale
perform;doskonale
performance;wykonać
perhaps;wykonanie
period;być może
permanent;okres
permission;trwały
permit;zezwolenie
person;pozwolenie
personal;osoba
personality;osobisty
personally;osobowość
personnel;osobiście
perspective;personel
persuade;perspektywa
pet;przekonuj
phase;pet
phenomenon;faza
philosophy;zjawisko
phone;filozofia
photo;telefon
photograph;zdjęcie
photographer;fotografia
phrase;fotograf
physical;wyrażenie
physically;fizycznie
physician;fizycznie
piano;lekarz
pick;fortepian
picture;wybrać
pie;zdjęcie
piece;placek
pile;kawałek
pilot;kupka
pine;pilot
pink;sosna
pipe;różowy
pitch;rura
place;smoła
plan;miejsce
plane;planować
planet;samolot
planning;planeta
plant;planowanie
plastic;roślina
plate;plastik
platform;płyta
play;platforma
player;play
please;gracz
pleasure;proszę
plenty;przyjemność
plot;mnóstwo
plus;wątek
PM;plus
pocket;PM
poem;kieszeń
poet;wiersz
poetry;poeta
point;poezja
pole;punkt
police;słup
policy;policja
political;polityka
politically;polityczna
politician;politycznie
politics;polityk
poll;polityka
pollution;sonda
pool;zanieczyszczenie
poor;basen
pop;biedni
popular;pop
population;popularny
porch;ludność
port;ganek
portion;port
portrait;porcja
portray;portret
pose;przedstawiać
position;pozować
positive;pozycja
possess;pozytywny
possibility;posiadać
possible;możliwość
possibly;możliwe
post;ewentualnie
pot;po
potato;garnek
potential;ziemniak
potentially;potencjalnie
pound;potencjalnie
pour;funt
poverty;pour
powder;ubóstwo
power;puder
powerful;moc
practical;mocny
practice;praktyczny
pray;praktyka
prayer;modlić się
precisely;modlitwa
predict;dokładnie
prefer;przewidywać
preference;preferować
pregnancy;preferencja
pregnant;ciąża
preparation;w ciąży
prepare;przygotowanie
prescription;przygotować
presence;recepta
present;obecność
presentation;prezent
preserve;prezentacja
president;zachować
presidential;prezydent
press;prezydencki
pressure;prasa
pretend;nacisk
pretty;udawać
prevent;całkiem
previous;zapobiec
previously;poprzednio
price;wcześniej
pride;cena
priest;duma
primarily;ksiądz
primary;przede wszystkim
prime;pierwotny
principal;naczelny
principle;główny
print;zasada
prior;druk
priority;wcześniejszy
prison;priorytet
prisoner;więzienie
privacy;więzień
private;prywatność
probably;prywatna
problem;prawdopodobnie
procedure;problem
proceed;procedura
process;postępować
produce;proces
producer;produkować
product;producent
production;produkt
profession;produkcja
professional;zawód
professor;profesjonalista
profile;profesor
profit;profil
program;zysk
progress;program
project;postęp
prominent;projekt
promise;wybitny
promote;obietnica
prompt;promować
proof;szybki
proper;dowód
properly;właściwy
property;właściwie
proportion;własność
proposal;proporcja
propose;propozycja
proposed;zaproponować
prosecutor;proponowany
prospect;prokurator
protect;perspektywa
protection;chronić
protein;ochrona
protest;białko
proud;protest
prove;dumny
provide;udowodnić
provider;dostarczać
province;dostawca
provision;prowincja
psychological;przepis
psychologist;psycholog
psychology;psycholog
public;psychologia
publication;publiczny
publicly;publikacja
publish;publicznie
publisher;publikować
pull;wydawca
punishment;ciągnięcie
purchase;kara
pure;zakup
purpose;czysty
pursue;cel
push;realizować
put;naciskać
qualify;umieścić
quality;kwalifikować
quarter;jakość
quarterback;quarter
question;quarterback
quick;pytanie
quickly;szybko
quiet;szybko
quietly;cicho
quit;cicho
quite;zrezygnować
quote;dość
race;cytat
racial;rasa
radical;rasowy
radio;radykalny
rail;radio
rain;kolej
raise;deszcz
range;podnosić
rank;zasięg
rapid;ranga
rapidly;szybko
rare;gwałtownie
rarely;rzadki
rate;rzadko
rather;tempo
rating;raczej
ratio;ocena
raw;stosunek
reach;surowy
react;zasięg
reaction;reagować
read;reakcja
reader;czytaj
reading;czytelnik
ready;czytanie
real;gotowy
reality;prawdziwy
realize;rzeczywistość
really;realizować
reason;naprawdę
reasonable;powód
recall;rozsądny
receive;przypomnieć sobie
recent;otrzymać
recently;ostatnio
recipe;ostatnio
recognition;przepis
recognize;uznanie
recommend;rozpoznać
recommendation;polecanie
record;rekomendacja
recording;nagrywanie
recover;nagranie
recovery;odzyskanie
recruit;odzyskanie
red;rekrutacja
reduce;czerwony
reduction;zmniejszenie
refer;redukcja
reference;odsyłacz
reflect;odsyłacz
reflection;odbicie
reform;odbicie
refugee;reforma
refuse;uchodźca
regard;odmówić
regarding;w odniesieniu do
regardless;dotyczący
regime;niezależnie od
region;reżim
regional;region
register;regionalny
regular;rejestr
regularly;regularnie
regulate;regularnie
regulation;regulować
reinforce;regulacja
reject;wzmocnić
relate;odrzucić
relation;odnosić się
relationship;relacja
relative;związek
relatively;względny
relax;stosunkowo
release;relaks
relevant;zwolnienie
relief;odpowiedni
religion;ulga
religious;religia
rely;religijne
remain;polegać
remaining;pozostać
remarkable;pozostać
remember;wybitny
remind;pamiętać
remote;przypomnieć
remove;zdalny
repeat;usunąć
repeatedly;powtórzyć
replace;wielokrotnie
reply;zastąpić
report;reply
reporter;raport
represent;reporter
representation;reprezentować
representative;reprezentacja
Republican;przedstawiciel
reputation;republikanin
request;reputacja
require;żądanie
requirement;wymagać
research;wymóg
researcher;badania
resemble;badacz
reservation;podobny do
resident;rezerwacja
resist;mieszkaniec
resistance;oprzeć się
resolution;opór
resolve;rezolucja
resort;rozstrzygnąć
resource;kurort
respect;zasób
respond;szacunek
respondent;reagować
response;respondent
responsibility;odpowiedź
responsible;odpowiedzialność
rest;odpowiedzialny
restaurant;odpoczynek
restore;restauracja
restriction;przywrócić
result;ograniczenie
retain;wynik
retire;zatrzymywać
retirement;wycofać się
return;emerytura
reveal;powrót
revenue;ujawnić
review;przychód
revolution;przegląd
rhythm;rewolucja
rice;rytm
rich;ryż
rid;bogaty
ride;rid
rifle;ride
right;karabin
ring;prawo
rise;ring
risk;rise
river;ryzyko
road;rzeka
rock;droga
role;skała
roll;rola
romantic;roll
roof;romantyczny
room;dach
root;pokój
rope;korzeń
rose;lina
rough;róża
roughly;szorstko
round;wstępnie
route;okrągły
routine;trasa
row;rutyna
rub;rząd
rule;pocierać
run;zasada
running;bieg
rural;biegnący
rush;wiejski
Russian;pośpiech
sacred;rosyjski
sad;święty
safe;smutny
safety;bezpieczny
sake;bezpieczeństwo
salad;sake
salary;sałatka
sale;wynagrodzenie
sales;sprzedaż
salt;sprzedaż
same;sól
sample;to samo
sanction;próbka
sand;sankcja
satellite;piasek
satisfaction;satelita
satisfy;satysfakcja
sauce;zadowolenie
save;sos
saving;uratować
say;oszczędzanie
scale;powiedzieć
scandal;skala
scared;skandal
scenario;przestraszony
scene;scenariusz
schedule;scena
scheme;harmonogram
scholar;schemat
scholarship;stypendysta
school;stypendium
science;szkoła
scientific;nauka
scientist;naukowy
scope;naukowiec
score;zakres
scream;wynik
screen;krzyk
script;ekran
sea;scenariusz
search;morze
season;wyszukiwanie
seat;sezon
second;siedziba
secret;drugi
secretary;sekret
section;sekretarz
sector;sekcja
secure;sektor
security;bezpieczny
see;bezpieczeństwo
seed;patrz
seek;nasiona
seem;szukać
segment;wydawać się
seize;segment
select;przejąć
selection;wybrać
self;wybór
sell;siebie
Senate;sprzedać
senator;Senat
send;senator
senior;wysłać
sense;senior
sensitive;sens
sentence;wrażliwy
separate;zdanie
sequence;oddzielić
series;sekwencja
serious;seria
seriously;poważny
serve;poważnie
service;służyć
session;serwis
set;sesja
setting;zestaw
settle;ustawienie
settlement;rozliczenie
seven;rozliczenie
several;siedem
severe;kilka
sex;poważny
sexual;seks
shade;seksualny
shadow;odcień
shake;cień
shall;wstrząsnąć
shape;będzie
share;kształt
sharp;dzielić się
she;ostry
sheet;ona
shelf;arkusz
shell;półka
shelter;skorupa
shift;wejść na stronę
shine;zrozumieć
ship;zrozumienie
shirt;niestety
shit;uniform
shock;unia
shoe;unikalny
shoot;jednostka
shooting;Zjednoczeni
shop;uniwersalna
shopping;wszechświat
shore;uniwersytet
short;nieznany
shortly;chyba że
shot;w przeciwieństwie do
should;nieprawdopodobne
shoulder;do
shout;niezwykły
show;w górę
shower;na
shrug;górny
shut;miejski
sick;pęd
side;my
sigh;używać
sight;używany
sign;użyteczne
signal;użytkownik
significance;zwykle
significant;zazwyczaj
significantly;użytkowy
silence;wakacje
silent;dolina
silver;cenny
similar;wartość
similarly;zmienna
simple;odmiana
simply;odmiana
sin;różne
since;różnić się
sing;duży
singer;warzywo
single;pojazd
sink;przedsięwzięcie
sir;wersja
sister;kontra
sit;bardzo
site;statek
situation;weteran
six;przez
size;ofiara
ski;zwycięstwo
skill;wideo
skin;widok
sky;widz
slave;wieś
sleep;naruszenie
slice;naruszenie
slide;przemoc
slight;agresywny
slightly;praktycznie
slip;cnota
slow;wirus
slowly;widoczny
small;wizja
smart;wizyta
smell;odwiedzający
smile;wizualny
smoke;ważny
smooth;głos
snap;głośność
snow;wolontariusz
so;głosowanie
so-called;wyborca
soccer;vs
social;wrażliwy
society;płaca
soft;czekaj
software;wake
soil;spacer
solar;ściana
soldier;wędrować
solid;want
solution;wojna
solve;warm
some;warn
somebody;ostrzeżenie
somehow;wash
someone;odpady
something;zegarek
sometimes;woda
somewhat;fala
somewhere;sposób
son;my
song;słaby
soon;bogactwo
sophisticated;bogactwo
sorry;broń
sort;zużycie
soul;pogoda
sound;ślub
soup;tydzień
source;weekend
south;tygodniowy
southern;ważenie
Soviet;waga
space;witamy
Spanish;opieka społeczna
speak;dobrze
speaker;zachód
special;zachód
specialist;mokry
species;co
specific;cokolwiek
specifically;koło
speech;kiedy
speed;zawsze
spend;gdzie
spending;podczas gdy
spin;czy
spirit;które
spiritual;podczas gdy
split;szeptać
spokesman;biały
sport;kto
spot;cały
spread;kogo
spring;czyj
square;dlaczego
squeeze;szeroko
stability;szeroko
stable;szeroko
staff;żona
stage;dzika
stair;będzie
stake;chętny
stand;wygrać
standard;wiatr
standing;okno
star;wino
stare;skrzydło
start;zwycięzca
state;zima
statement;wytrzeć
station;drut
statistics;mądrość
status;mądry
stay;życzenie
steady;z
steal;wycofać
steel;w
step;bez
stick;świadek
still;kobieta
stir;cud
stock;wspaniały
stomach;drewno
stone;drewniany
stop;słowo
storage;praca
store;pracownik
storm;praca
story;prace
straight;warsztat
strange;świat
stranger;zmartwiony
strategic;martwić się
strategy;warto
stream;by
street;rana
strength;zapakować
strengthen;pisać
stress;pisarz
stretch;pisanie
strike;niesłusznie
string;podwórko
strip;tak
stroke;rok
strong;krzyk
strongly;żółty
structure;tak
struggle;wczoraj
student;jeszcze
studio;dawaj
study;ty
stuff;młody
stupid;twój
style;twój
subject;sam
submit;młodzież
subsequent;strefa
substance;
substantial;
succeed;
success;
successful;
successfully;
such;
sudden;
suddenly;
sue;
suffer;
sufficient;
sugar;
suggest;
suggestion;
suicide;
suit;
summer;
summit;
sun;
super;
supply;
support;
supporter;
suppose;
supposed;
Supreme;
sure;
surely;
surface;
surgery;
surprise;
surprised;
surprising;
surprisingly;
surround;
survey;
survival;
survive;
survivor;
suspect;
sustain;
swear;
sweep;
sweet;
swim;
swing;
switch;
symbol;
symptom;
system;
table;
tablespoon;
tactic;
tail;
take;
tale;
talent;
talk;
tall;
tank;
tap;
tape;
target;
task;
taste;
tax;
taxpayer;
tea;
teach;
teacher;
teaching;
team;
tear;
teaspoon;
technical;
technique;
technology;
teen;
teenager;
telephone;
telescope;
television;
tell;
temperature;
temporary;
ten;
tend;
tendency;
tennis;
tension;
tent;
term;
terms;
terrible;
territory;
terror;
terrorism;
terrorist;
test;
testify;
testimony;
testing;
text;
than;
thank;
thanks;
that;
the;
theater;
their;
them;
theme;
themselves;
then;
theory;
therapy;
there;
therefore;
these;
they;
thick;
thin;
thing;
think;
thinking;
third;
thirty;
this;
those;
though;
thought;
thousand;
threat;
threaten;
three;
throat;
through;
throughout;
throw;
thus;
ticket;
tie;
tight;
time;
tiny;
tip;
tire;
tired;
tissue;
title;
to;
tobacco;
today;
toe;
together;
tomato;
tomorrow;
tone;
tongue;
tonight;
too;
tool;
tooth;
top;
topic;
toss;
total;
totally;
touch;
tough;
tour;
tourist;
tournament;
toward;
towards;
tower;
town;
toy;
trace;
track;
trade;
tradition;
traditional;
traffic;
tragedy;
trail;
train;
training;
transfer;
transform;
transformation;
transition;
translate;
transportation;
travel;
treat;
treatment;
treaty;
tree;
tremendous;
trend;
trial;
tribe;
trick;
trip;
troop;
trouble;
truck;
true;
truly;
trust;
truth;
try;
tube;
tunnel;
turn;
TV;
twelve;
twenty;
twice;
twin;
two;
type;
typical;
typically;
ugly;
ultimate;
ultimately;
unable;
uncle;
under;
undergo;
understand;
understanding;
unfortunately;
uniform;
union;
unique;
unit;
United;
universal;
universe;
university;
unknown;
unless;
unlike;
unlikely;
until;
unusual;
up;
upon;
upper;
urban;
urge;
us;
use;
used;
useful;
user;
usual;
usually;
utility;
vacation;
valley;
valuable;
value;
variable;
variation;
variety;
various;
vary;
vast;
vegetable;
vehicle;
venture;
version;
versus;
very;
vessel;
veteran;
via;
victim;
victory;
video;
view;
viewer;
village;
violate;
violation;
violence;
violent;
virtually;
virtue;
virus;
visible;
vision;
visit;
visitor;
visual;
vital;
voice;
volume;
volunteer;
vote;
voter;
vs;
vulnerable;
wage;
wait;
wake;
walk;
wall;
wander;
want;
war;
warm;
warn;
warning;
wash;
waste;
watch;
water;
wave;
way;
we;
weak;
wealth;
wealthy;
weapon;
wear;
weather;
wedding;
week;
weekend;
weekly;
weigh;
weight;
welcome;
welfare;
well;
west;
western;
wet;
what;
whatever;
wheel;
when;
whenever;
where;
whereas;
whether;
which;
while;
whisper;
white;
who;
whole;
whom;
whose;
why;
wide;
widely;
widespread;
wife;
wild;
will;
willing;
win;
wind;
window;
wine;
wing;
winner;
winter;
wipe;
wire;
wisdom;
wise;
wish;
with;
withdraw;
within;
without;
witness;
woman;
wonder;
wonderful;
wood;
wooden;
word;
work;
worker;
working;
works;
workshop;
world;
worried;
worry;
worth;
would;
wound;
wrap;
write;
writer;
writing;
wrong;
yard;
yeah;
year;
yell;
yellow;
yes;
yesterday;
yet;
yield;
you;
young;
your;
yours;
yourself;
youth;
zone;
